day_of_week,start_hour,member_casual,rides
Sunday,0,casual,10515
Sunday,0,member,8171
Sunday,1,casual,7131
Sunday,1,member,5475
Sunday,2,casual,4992
Sunday,2,member,3551
Sunday,3,casual,2782
Sunday,3,member,2109
Sunday,4,casual,1757
Sunday,4,member,1500
Sunday,5,casual,1645
Sunday,5,member,1935
Sunday,6,casual,2888
Sunday,6,member,4291
Sunday,7,casual,4760
Sunday,7,member,7040
Sunday,8,casual,7721
Sunday,8,member,12196
Sunday,9,casual,13253
Sunday,9,member,18478
Sunday,10,casual,19255
Sunday,10,member,24704
Sunday,11,casual,24553
Sunday,11,member,28993
Sunday,12,casual,27852
Sunday,12,member,30615
Sunday,13,casual,28499
Sunday,13,member,30362
Sunday,14,casual,29428
Sunday,14,member,30487
Sunday,15,casual,29769
Sunday,15,member,30864
Sunday,16,casual,27391
Sunday,16,member,30320
Sunday,17,casual,23408
Sunday,17,member,28132
Sunday,18,casual,20258
Sunday,18,member,25954
Sunday,19,casual,14728
Sunday,19,member,19458
Sunday,20,casual,10744
Sunday,20,member,14237
Sunday,21,casual,8326
Sunday,21,member,11029
Sunday,22,casual,6969
Sunday,22,member,8043
Sunday,23,casual,4454
Sunday,23,member,4653
Monday,0,casual,3598
Monday,0,member,2651
Monday,1,casual,2073
Monday,1,member,1535
Monday,2,casual,1452
Monday,2,member,938
Monday,3,casual,910
Monday,3,member,759
Monday,4,casual,803
Monday,4,member,1250
Monday,5,casual,1592
Monday,5,member,5734
Monday,6,casual,3920
Monday,6,member,17184
Monday,7,casual,6873
Monday,7,member,33382
Monday,8,casual,9205
Monday,8,member,40876
Monday,9,casual,7885
Monday,9,member,22686
Monday,10,casual,8617
Monday,10,member,16225
Monday,11,casual,11275
Monday,11,member,19407
Monday,12,casual,13768
Monday,12,member,23050
Monday,13,casual,14458
Monday,13,member,22468
Monday,14,casual,15406
Monday,14,member,23767
Monday,15,casual,17294
Monday,15,member,32451
Monday,16,casual,21470
Monday,16,member,51385
Monday,17,casual,25045
Monday,17,member,63778
Monday,18,casual,20520
Monday,18,member,46109
Monday,19,casual,14956
Monday,19,member,31081
Monday,20,casual,10519
Monday,20,member,20954
Monday,21,casual,8072
Monday,21,member,14980
Monday,22,casual,6260
Monday,22,member,9081
Monday,23,casual,3944
Monday,23,member,4526
Tuesday,0,casual,2791
Tuesday,0,member,2426
Tuesday,1,casual,1481
Tuesday,1,member,1314
Tuesday,2,casual,1068
Tuesday,2,member,745
Tuesday,3,casual,540
Tuesday,3,member,646
Tuesday,4,casual,694
Tuesday,4,member,1252
Tuesday,5,casual,1636
Tuesday,5,member,6754
Tuesday,6,casual,4420
Tuesday,6,member,20523
Tuesday,7,casual,8552
Tuesday,7,member,42617
Tuesday,8,casual,11657
Tuesday,8,member,53561
Tuesday,9,casual,8291
Tuesday,9,member,26017
Tuesday,10,casual,7404
Tuesday,10,member,17402
Tuesday,11,casual,9288
Tuesday,11,member,20141
Tuesday,12,casual,11131
Tuesday,12,member,23964
Tuesday,13,casual,11613
Tuesday,13,member,22911
Tuesday,14,casual,12263
Tuesday,14,member,22911
Tuesday,15,casual,15091
Tuesday,15,member,34376
Tuesday,16,casual,20956
Tuesday,16,member,59132
Tuesday,17,casual,26302
Tuesday,17,member,72209
Tuesday,18,casual,22835
Tuesday,18,member,52399
Tuesday,19,casual,16707
Tuesday,19,member,34577
Tuesday,20,casual,11898
Tuesday,20,member,23813
Tuesday,21,casual,10509
Tuesday,21,member,18229
Tuesday,22,casual,6800
Tuesday,22,member,11024
Tuesday,23,casual,3771
Tuesday,23,member,5422
Wednesday,0,casual,2778
Wednesday,0,member,2731
Wednesday,1,casual,1486
Wednesday,1,member,1385
Wednesday,2,casual,973
Wednesday,2,member,770
Wednesday,3,casual,581
Wednesday,3,member,682
Wednesday,4,casual,772
Wednesday,4,member,1130
Wednesday,5,casual,1767
Wednesday,5,member,6632
Wednesday,6,casual,4377
Wednesday,6,member,20102
Wednesday,7,casual,8547
Wednesday,7,member,41693
Wednesday,8,casual,11451
Wednesday,8,member,50588
Wednesday,9,casual,7529
Wednesday,9,member,25888
Wednesday,10,casual,7153
Wednesday,10,member,17370
Wednesday,11,casual,9022
Wednesday,11,member,20370
Wednesday,12,casual,10698
Wednesday,12,member,24105
Wednesday,13,casual,10401
Wednesday,13,member,22737
Wednesday,14,casual,11308
Wednesday,14,member,22788
Wednesday,15,casual,13886
Wednesday,15,member,32848
Wednesday,16,casual,19620
Wednesday,16,member,56146
Wednesday,17,casual,25639
Wednesday,17,member,67796
Wednesday,18,casual,21967
Wednesday,18,member,49779
Wednesday,19,casual,16856
Wednesday,19,member,33692
Wednesday,20,casual,12587
Wednesday,20,member,23573
Wednesday,21,casual,10945
Wednesday,21,member,18445
Wednesday,22,casual,7842
Wednesday,22,member,12019
Wednesday,23,casual,4587
Wednesday,23,member,6052
Thursday,0,casual,3228
Thursday,0,member,3189
Thursday,1,casual,1795
Thursday,1,member,1703
Thursday,2,casual,1138
Thursday,2,member,956
Thursday,3,casual,670
Thursday,3,member,725
Thursday,4,casual,793
Thursday,4,member,1213
Thursday,5,casual,1684
Thursday,5,member,5840
Thursday,6,casual,4399
Thursday,6,member,18964
Thursday,7,casual,8763
Thursday,7,member,39512
Thursday,8,casual,11690
Thursday,8,member,50965
Thursday,9,casual,9092
Thursday,9,member,27390
Thursday,10,casual,8753
Thursday,10,member,19227
Thursday,11,casual,10993
Thursday,11,member,22280
Thursday,12,casual,13433
Thursday,12,member,26230
Thursday,13,casual,13600
Thursday,13,member,24760
Thursday,14,casual,15028
Thursday,14,member,25282
Thursday,15,casual,17779
Thursday,15,member,35948
Thursday,16,casual,23048
Thursday,16,member,56355
Thursday,17,casual,29142
Thursday,17,member,68780
Thursday,18,casual,25191
Thursday,18,member,51005
Thursday,19,casual,18398
Thursday,19,member,34535
Thursday,20,casual,12570
Thursday,20,member,23321
Thursday,21,casual,10855
Thursday,21,member,18305
Thursday,22,casual,9395
Thursday,22,member,13634
Thursday,23,casual,6915
Thursday,23,member,8305
Friday,0,casual,5083
Friday,0,member,4562
Friday,1,casual,3135
Friday,1,member,2594
Friday,2,casual,1952
Friday,2,member,1450
Friday,3,casual,1072
Friday,3,member,1015
Friday,4,casual,1018
Friday,4,member,1330
Friday,5,casual,1972
Friday,5,member,5728
Friday,6,casual,4242
Friday,6,member,15524
Friday,7,casual,7572
Friday,7,member,28232
Friday,8,casual,9665
Friday,8,member,34731
Friday,9,casual,9536
Friday,9,member,23661
Friday,10,casual,11407
Friday,10,member,19305
Friday,11,casual,15311
Friday,11,member,24322
Friday,12,casual,19541
Friday,12,member,29361
Friday,13,casual,20334
Friday,13,member,29287
Friday,14,casual,21159
Friday,14,member,30113
Friday,15,casual,25518
Friday,15,member,39028
Friday,16,casual,30285
Friday,16,member,50933
Friday,17,casual,32197
Friday,17,member,54176
Friday,18,casual,28224
Friday,18,member,44360
Friday,19,casual,20948
Friday,19,member,30884
Friday,20,casual,15305
Friday,20,member,21202
Friday,21,casual,12837
Friday,21,member,16588
Friday,22,casual,12336
Friday,22,member,14259
Friday,23,casual,11364
Friday,23,member,11201
Saturday,0,casual,10990
Saturday,0,member,8874
Saturday,1,casual,7781
Saturday,1,member,6092
Saturday,2,casual,5081
Saturday,2,member,3753
Saturday,3,casual,2655
Saturday,3,member,1999
Saturday,4,casual,1449
Saturday,4,member,1214
Saturday,5,casual,1279
Saturday,5,member,2194
Saturday,6,casual,2604
Saturday,6,member,5356
Saturday,7,casual,4905
Saturday,7,member,9534
Saturday,8,casual,9483
Saturday,8,member,17067
Saturday,9,casual,15563
Saturday,9,member,23705
Saturday,10,casual,23115
Saturday,10,member,29820
Saturday,11,casual,29068
Saturday,11,member,33552
Saturday,12,casual,32821
Saturday,12,member,34228
Saturday,13,casual,33892
Saturday,13,member,34048
Saturday,14,casual,35228
Saturday,14,member,34361
Saturday,15,casual,35866
Saturday,15,member,34370
Saturday,16,casual,34263
Saturday,16,member,34552
Saturday,17,casual,29842
Saturday,17,member,31820
Saturday,18,casual,25661
Saturday,18,member,29276
Saturday,19,casual,19733
Saturday,19,member,22334
Saturday,20,casual,14592
Saturday,20,member,16152
Saturday,21,casual,13982
Saturday,21,member,14142
Saturday,22,casual,13967
Saturday,22,member,13332
Saturday,23,casual,11093
Saturday,23,member,10516
